{
   "dashboards": [{
      "autoswitchEnabled": false,
      "columnCount": 1,
      "columnProportion": "1-1",
      "creationTime": 1665839187382,
      "dashboardNavigations": {},
      "description": "",
      "disabled": false,
      "gridsterMaxColumns": 12,
      "hidden": false,
      "homeTab": false,
      "id": "53113a35-3261-4175-8aff-99e4a4288148",
      "importAttempts": 0,
      "importComplete": true,
      "lastUpdateTime": 1665840606411,
      "lastUpdateUserId": "287ed085-c6ca-4255-b69c-956f1665ed51",
      "locked": false,
      "name": "Custom Dashboards/Cluster Capacity | ESXI Host Health | VM Size",
      "namePath": "Custom Dashboards",
      "rank": 0,
      "shared": false,
      "states": [{
         "key": "permDashboardTime_dashboard_53113a35-3261-4175-8aff-99e4a4288148",
         "value": "o%3AdateRange%3Ds%253Alast90Days%5EdateRangeText%3Ds%253ALast%252090%2520days"
      }],
      "temporary": false,
      "userId": "287ed085-c6ca-4255-b69c-956f1665ed51",
      "widgetInteractions": [
         {
            "type": "resourceId",
            "widgetIdProvider": "ff21f91c-0a05-4c57-a63c-deeeb3e40cd7",
            "widgetIdReceiver": "36d6b4d1-3af1-490f-8482-e3dca1fccc4f"
         },
         {
            "type": "resourceId",
            "widgetIdProvider": "ff21f91c-0a05-4c57-a63c-deeeb3e40cd7",
            "widgetIdReceiver": "96ef5aaf-7c87-4445-a222-4199056cb3ac"
         },
         {
            "type": "resourceId",
            "widgetIdProvider": "36d6b4d1-3af1-490f-8482-e3dca1fccc4f",
            "widgetIdReceiver": "83e7a0c1-4e49-4388-8b35-093dfd374b9c"
         },
         {
            "type": "resourceId",
            "widgetIdProvider": "36d6b4d1-3af1-490f-8482-e3dca1fccc4f",
            "widgetIdReceiver": "576bbbde-9620-4092-8553-16b89bc02279"
         }
      ],
      "widgets": [
         {
            "collapsed": false,
            "config": {
               "chartViewItems": [],
               "isUpdatedView": true,
               "refreshContent": {"refreshContent": true},
               "refreshInterval": 300,
               "resource": {
                  "id": "Ext.vcops.chrome.model.Resource-159",
                  "resourceId": "resource:id:0_::_",
                  "resourceKindId": "002006VMWAREvSphere World",
                  "resourceName": "vSphere World",
                  "traversalSpecId": ""
               },
               "selectFirstRow": {"selectFirstRow": true},
               "selfProvider": {"selfProvider": true},
               "title": "Clusters",
               "traversalSpecId": null,
               "viewDefinitionId": "bc336601-7ef2-40e0-b781-42d9657b10e8"
            },
            "gridsterCoords": {
               "h": 8,
               "w": 8,
               "x": 1,
               "y": 1
            },
            "height": 438,
            "id": "ff21f91c-0a05-4c57-a63c-deeeb3e40cd7",
            "states": [
               {
                  "key": "perm_isDashboardTime_widget_53113a35-3261-4175-8aff-99e4a4288148_ff21f91c-0a05-4c57-a63c-deeeb3e40cd7",
                  "value": "b%3A0"
               },
               {
                  "key": "perm_toolbarVisible_widget_53113a35-3261-4175-8aff-99e4a4288148_ff21f91c-0a05-4c57-a63c-deeeb3e40cd7",
                  "value": "b%3A1"
               },
               {
                  "key": "permSelectedDate_widget_53113a35-3261-4175-8aff-99e4a4288148_ff21f91c-0a05-4c57-a63c-deeeb3e40cd7",
                  "value": "s%3A%7B%22minType%22%3A%22.TimeIntervalControl%22%2C%22advancedTimeMode%22%3Afalse%2C%22fromTime%22%3Anull%2C%22unit%22%3A%22DAYS%22%2C%22count%22%3A30%2C%22priorUnit%22%3Anull%2C%22priorCount%22%3Anull%2C%22startSubUnit%22%3Anull%2C%22startPeriod%22%3Anull%2C%22toTime%22%3Anull%2C%22endUnit%22%3Anull%2C%22endCount%22%3Anull%2C%22endSubUnit%22%3Anull%2C%22endPeriod%22%3Anull%2C%22isRealTimeData%22%3Anull%2C%22mondayHours%22%3A%5B%5D%2C%22tuesdayHours%22%3A%5B%5D%2C%22wednesdayHours%22%3A%5B%5D%2C%22thursdayHours%22%3A%5B%5D%2C%22fridayHours%22%3A%5B%5D%2C%22saturdayHours%22%3A%5B%5D%2C%22sundayHours%22%3A%5B%5D%7D"
               },
               {
                  "key": "permPageSize_widget_53113a35-3261-4175-8aff-99e4a4288148_ff21f91c-0a05-4c57-a63c-deeeb3e40cd7",
                  "value": "n%3A100"
               }
            ],
            "title": "Clusters",
            "type": "View"
         },
         {
            "collapsed": false,
            "config": {
               "chartViewItems": [],
               "isUpdatedView": true,
               "refreshContent": {"refreshContent": true},
               "refreshInterval": 300,
               "resource": null,
               "selectFirstRow": {"selectFirstRow": true},
               "selfProvider": {"selfProvider": false},
               "title": "ESXi Hosts (for selected Cluster)",
               "traversalSpecId": "",
               "viewDefinitionId": "b0649e29-98f1-4ae8-a71f-43e59d576260"
            },
            "gridsterCoords": {
               "h": 8,
               "w": 6,
               "x": 1,
               "y": 9
            },
            "height": 438,
            "id": "36d6b4d1-3af1-490f-8482-e3dca1fccc4f",
            "states": [
               {
                  "key": "perm_isDashboardTime_widget_53113a35-3261-4175-8aff-99e4a4288148_36d6b4d1-3af1-490f-8482-e3dca1fccc4f",
                  "value": "b%3A0"
               },
               {
                  "key": "perm_toolbarVisible_widget_53113a35-3261-4175-8aff-99e4a4288148_36d6b4d1-3af1-490f-8482-e3dca1fccc4f",
                  "value": "b%3A1"
               }
            ],
            "title": "ESXi Hosts (for selected Cluster)",
            "type": "View"
         },
         {
            "collapsed": false,
            "config": {
               "boxColumns": 2,
               "boxHeight": null,
               "customFilter": {
                  "excludedResources": null,
                  "filter": [],
                  "includedResources": null
               },
               "depth": 1,
               "labelSize": 16,
               "maxCellCount": 100,
               "metric": {
                  "mode": "resourceKind",
                  "resourceKindMetrics": [
                     {
                        "colorMethod": 0,
                        "handleOldColoring": false,
                        "id": "extModel186254-4",
                        "isStringMetric": false,
                        "label": "Average VMs",
                        "link": "",
                        "metricKey": "Profiles|capacityRemainingProfile_813f3699-1cb6-4bce-939e-ca96a777a752",
                        "metricName": "Profiles|Capacity Remaining Profile (Average)",
                        "metricUnitId": null,
                        "orangeBound": 10,
                        "redBound": 5,
                        "resourceKindId": "resourceKind:id:0_::_",
                        "resourceKindName": "Cluster Compute Resource",
                        "unit": "",
                        "yellowBound": 20
                     },
                     {
                        "colorMethod": 0,
                        "handleOldColoring": false,
                        "id": "extModel7098-1",
                        "isStringMetric": false,
                        "label": "XL VMs (32 vCPU | 64 GB RAM | 160 GB Disk)",
                        "link": "",
                        "metricKey": "Profiles|capacityRemainingProfile_9ca53569-41e1-42ce-b8fc-4da5493b430c",
                        "metricName": "Profiles|Capacity Remaining Profile (XL VMs (32 vCPU ",
                        "metricUnitId": null,
                        "orangeBound": 5,
                        "redBound": 1,
                        "resourceKindId": "resourceKind:id:0_::_",
                        "resourceKindName": "Cluster Compute Resource",
                        "unit": "",
                        "yellowBound": 10
                     },
                     {
                        "colorMethod": 0,
                        "handleOldColoring": false,
                        "id": "extModel7098-2",
                        "isStringMetric": false,
                        "label": "XS VMs (2 vCPU | 4 GB RAM | 10 GB Disk)",
                        "link": "",
                        "metricKey": "Profiles|capacityRemainingProfile_84bbc3a0-0db1-49ec-87df-5709ad284345",
                        "metricName": "Profiles|Capacity Remaining Profile (XS VMs (2 vCPU ",
                        "metricUnitId": null,
                        "orangeBound": 20,
                        "redBound": 10,
                        "resourceKindId": "resourceKind:id:0_::_",
                        "resourceKindName": "Cluster Compute Resource",
                        "unit": "",
                        "yellowBound": 40
                     },
                     {
                        "colorMethod": 0,
                        "handleOldColoring": false,
                        "id": "extModel7098-3",
                        "isStringMetric": false,
                        "label": "L VMs (16 vCPU | 32 GB RAM | 80 GB Disk)",
                        "link": "",
                        "metricKey": "Profiles|capacityRemainingProfile_fee9d8b5-a6b1-4f12-b6c3-6785c4f132de",
                        "metricName": "Profiles|Capacity Remaining Profile (L VMs (16 vCPU ",
                        "metricUnitId": null,
                        "orangeBound": 10,
                        "redBound": 5,
                        "resourceKindId": "resourceKind:id:0_::_",
                        "resourceKindName": "Cluster Compute Resource",
                        "unit": "",
                        "yellowBound": 15
                     },
                     {
                        "colorMethod": 0,
                        "handleOldColoring": false,
                        "id": "extModel7098-4",
                        "isStringMetric": false,
                        "label": "M VMs (8 vCPU | 16GB RAM | 40 GB Disk",
                        "link": "",
                        "metricKey": "Profiles|capacityRemainingProfile_26677d19-8abe-45f0-85d9-40e50b868e37",
                        "metricName": "Profiles|Capacity Remaining Profile (M VMs (8 vCPU ",
                        "metricUnitId": null,
                        "orangeBound": 15,
                        "redBound": 10,
                        "resourceKindId": "resourceKind:id:0_::_",
                        "resourceKindName": "Cluster Compute Resource",
                        "unit": "",
                        "yellowBound": 20
                     },
                     {
                        "colorMethod": 0,
                        "handleOldColoring": false,
                        "id": "extModel7098-5",
                        "isStringMetric": false,
                        "label": "S VMs (4 vCPU | 8 GB RAM | 20 GB Disk)",
                        "link": "",
                        "metricKey": "Profiles|capacityRemainingProfile_14391c7f-399c-4031-9597-9f5c1235a480",
                        "metricName": "Profiles|Capacity Remaining Profile (S VMs (4 vCPU ",
                        "metricUnitId": null,
                        "orangeBound": 25,
                        "redBound": 20,
                        "resourceKindId": "resourceKind:id:0_::_",
                        "resourceKindName": "Cluster Compute Resource",
                        "unit": "",
                        "yellowBound": 30
                     }
                  ],
                  "resourceMetrics": [],
                  "subMode": "resourceKindAll"
               },
               "mode": {"layoutMode": "fixedView"},
               "oldMetricValues": false,
               "periodLength": null,
               "refreshContent": {"refreshContent": true},
               "refreshInterval": 300,
               "relationshipMode": {"relationshipMode": 0},
               "resInteractionMode": null,
               "resource": [],
               "roundDecimals": null,
               "selfProvider": {"selfProvider": false},
               "showDT": {"showDT": false},
               "showMetricName": {"showMetricName": true},
               "showMetricUnit": {"showMetricUnit": true},
               "showResourceName": {"showResourceName": false},
               "showSparkline": {"showSparkline": false},
               "title": "How Many More VMs Will Fit (in selected Cluster)",
               "valueSize": 24,
               "visualTheme": 6
            },
            "gridsterCoords": {
               "h": 8,
               "w": 4,
               "x": 9,
               "y": 1
            },
            "height": 438,
            "id": "96ef5aaf-7c87-4445-a222-4199056cb3ac",
            "title": "How Many More VMs Will Fit (in selected Cluster)",
            "type": "Scoreboard"
         },
         {
            "collapsed": false,
            "config": {
               "alertAction": [],
               "alertImpact": [],
               "criticalityLevel": [],
               "customFilter": {
                  "excludedResources": null,
                  "filter": [],
                  "includedResources": null
               },
               "depth": 1,
               "filterMode": "tagPicker",
               "mode": "all",
               "refreshContent": {"refreshContent": true},
               "refreshInterval": 300,
               "relationshipMode": {"relationshipMode": 0},
               "resource": [],
               "selfProvider": {"selfProvider": false},
               "state": [],
               "status": [],
               "tagFilter": null,
               "title": "Alerts (for selected ESXi Host)",
               "type": []
            },
            "gridsterCoords": {
               "h": 8,
               "w": 6,
               "x": 7,
               "y": 9
            },
            "height": 437,
            "id": "83e7a0c1-4e49-4388-8b35-093dfd374b9c",
            "states": [
               {
                  "key": "permAlertGrid_perm_widget_53113a35-3261-4175-8aff-99e4a4288148_83e7a0c1-4e49-4388-8b35-093dfd374b9c",
                  "value": "o%3Acolumns%3Da%253Ao%25253Aid%25253Ds%2525253Ah1%25255Ehidden%25253Db%2525253A1%25255Ewidth%25253Dn%2525253A100%255Eo%25253Aid%25253Ds%2525253Ah2%255Eo%25253Aid%25253Ds%2525253Ah3%255Eo%25253Aid%25253Ds%2525253Ah4%255Eo%25253Aid%25253Ds%2525253Ah5%255Eo%25253Aid%25253Ds%2525253Ah6%255Eo%25253Aid%25253Ds%2525253Ah7%25255Ehidden%25253Db%2525253A1%255Eo%25253Aid%25253Ds%2525253Ah8%25255Ehidden%25253Db%2525253A1%255Eo%25253Aid%25253Ds%2525253Ah9%25255Ehidden%25253Db%2525253A1%255Eo%25253Aid%25253Ds%2525253Ah10%25255Ehidden%25253Db%2525253A1%255Eo%25253Aid%25253Ds%2525253Ah11%25255Ehidden%25253Db%2525253A1%255Eo%25253Aid%25253Ds%2525253Ah12%25255Ehidden%25253Db%2525253A1%255Eo%25253Aid%25253Ds%2525253Ah13%25255Ehidden%25253Db%2525253A1%255Eo%25253Aid%25253Ds%2525253Ah14%25255Ehidden%25253Db%2525253A1%255Eo%25253Aid%25253Ds%2525253Ah15%25255Ehidden%25253Db%2525253A0%5EstoreState%3Do%253Asorters%253Da%25253Ao%2525253Aroot%2525253Ds%252525253Adata%2525255Eproperty%2525253Ds%252525253AstartTimeUtc%2525255Edirection%2525253Ds%252525253ADESC%2525255Eid%2525253Ds%252525253AstartTimeUtc"
               },
               {
                  "key": "permDateFilter_widget_53113a35-3261-4175-8aff-99e4a4288148_83e7a0c1-4e49-4388-8b35-093dfd374b9c",
                  "value": "s%3A%7B%22dateRange%22%3A%22last30Days%22%2C%22dateFrom%22%3Anull%2C%22dateTo%22%3Anull%2C%22timeFrom%22%3Anull%2C%22timeTo%22%3Anull%7D"
               },
               {
                  "key": "permViewMode_widget_53113a35-3261-4175-8aff-99e4a4288148_83e7a0c1-4e49-4388-8b35-093dfd374b9c",
                  "value": "s%3Atime"
               }
            ],
            "title": "Alerts (for selected ESXi Host)",
            "type": "AlertList"
         },
         {
            "collapsed": false,
            "config": {
               "chartViewItems": [],
               "isUpdatedView": true,
               "refreshContent": {"refreshContent": true},
               "refreshInterval": 300,
               "resource": null,
               "selectFirstRow": {"selectFirstRow": true},
               "selfProvider": {"selfProvider": false},
               "title": "VMs (for selected ESXi Host)",
               "traversalSpecId": "",
               "viewDefinitionId": "60a9e3eb-5db9-4255-80f3-2ae3f2c46d30"
            },
            "gridsterCoords": {
               "h": 9,
               "w": 12,
               "x": 1,
               "y": 17
            },
            "height": 495,
            "id": "576bbbde-9620-4092-8553-16b89bc02279",
            "states": [
               {
                  "key": "perm_toolbarVisible_widget_53113a35-3261-4175-8aff-99e4a4288148_576bbbde-9620-4092-8553-16b89bc02279",
                  "value": "b%3A1"
               },
               {
                  "key": "perm_isDashboardTime_widget_53113a35-3261-4175-8aff-99e4a4288148_576bbbde-9620-4092-8553-16b89bc02279",
                  "value": "b%3A0"
               },
               {
                  "key": "permSelectedDate_widget_53113a35-3261-4175-8aff-99e4a4288148_576bbbde-9620-4092-8553-16b89bc02279",
                  "value": "s%3A%7B%22minType%22%3A%22.TimeIntervalControl%22%2C%22advancedTimeMode%22%3Afalse%2C%22fromTime%22%3Anull%2C%22unit%22%3A%22MONTHS%22%2C%22count%22%3A6%2C%22priorUnit%22%3Anull%2C%22priorCount%22%3Anull%2C%22startSubUnit%22%3Anull%2C%22startPeriod%22%3Anull%2C%22toTime%22%3Anull%2C%22endUnit%22%3Anull%2C%22endCount%22%3Anull%2C%22endSubUnit%22%3Anull%2C%22endPeriod%22%3Anull%2C%22isRealTimeData%22%3Anull%2C%22mondayHours%22%3A%5B%5D%2C%22tuesdayHours%22%3A%5B%5D%2C%22wednesdayHours%22%3A%5B%5D%2C%22thursdayHours%22%3A%5B%5D%2C%22fridayHours%22%3A%5B%5D%2C%22saturdayHours%22%3A%5B%5D%2C%22sundayHours%22%3A%5B%5D%7D"
               }
            ],
            "title": "VMs (for selected ESXi Host)",
            "type": "View"
         }
      ]
   }],
   "entries": {
      "resource": [{
         "adapterKindKey": "VMWARE",
         "identifiers": [],
         "internalId": "resource:id:0_::_",
         "name": "vSphere World",
         "resourceKindKey": "vSphere World"
      }],
      "resourceKind": [{
         "adapterKindKey": "VMWARE",
         "internalId": "resourceKind:id:0_::_",
         "resourceKindKey": "ClusterComputeResource"
      }]
   },
   "uuid": "498b6a52-47c7-4134-b9d3-802e3c4f18db"
}